Code,coordonnees,indice,temperature,humidite,weather
73,"[45.494895150000005, 6.384660381375652]",0.30142490340633626,3.4,54.1,
73,"[45.494895150000005, 6.384660381375652]",0.17281464270481497,3.4,54.1,
73,"[45.494895150000005, 6.384660381375652]",NULL,3.4,54.1,
73,"[45.494895150000005, 6.384660381375652]",0.25955085699791214,3.4,54.1,
