Code,coordonnees,indice,temperature,humidite,weather
11,"[43.0542733, 2.512471457499548]",0.4709575241835345,14.6,48.3,Sunny
17,"[45.73022675, -0.7212875872563794]",0.4161348325293792,13.9,64.5,Sunny
34,"[43.591422, 3.3553309364095925]",0.3100577326211098,17.4,41.1,
42,"[45.75385355, 4.045473682551104]",0.4003607585839946,8.7,79.9,Cloudy
54,"[48.95596825, 5.987038299756556]",0.3758709631518496,10.5,67.8,Cloudy
54,"[48.95596825, 5.987038299756556]",0.40416882292336315,10.5,67.8,Cloudy
64,"[43.18718655, -0.728247400084667]",0.4428276717133915,13.1,67.1,Sunny
73,"[45.494895150000005, 6.384660381375652]",0.4497526355701917,4.6,45.3,
74,"[46.068820849999994, 6.344536991587102]",0.3597052199579534,12.2,73.6,Sunny
